Date,Time,Court,Team A,Team B
2024-08-01,9:00 AM,Court A,Thunder Spikers,Volley Vipers
2024-08-02,11:00 AM,Court B,Thunder Spikers,Net Ninjas
2024-08-03,1:00 PM,Court C,Thunder Spikers,Spike Squad
2024-08-04,3:00 PM,Court D,Thunder Spikers,Block Busters
2024-08-05,9:00 AM,Court A,Thunder Spikers,Ace Warriors
2024-08-06,11:00 AM,Court B,Thunder Spikers,Storm Setters
2024-08-07,1:00 PM,Court C,Thunder Spikers,Jump Serve Kings
2024-08-08,3:00 PM,Court D,Thunder Spikers,Power Diggers
2024-08-09,9:00 AM,Court A,Thunder Spikers,Smash Force
2024-08-10,11:00 AM,Court B,Thunder Spikers,The Rotators
2024-08-11,1:00 PM,Court C,Thunder Spikers,Skyline Smashers
2024-08-12,3:00 PM,Court D,Thunder Spikers,Rapid Fire
2024-08-13,9:00 AM,Court A,Thunder Spikers,Net Rippers
2024-08-14,11:00 AM,Court B,Thunder Spikers,Crimson Crushers
2024-08-01,1:00 PM,Court C,Thunder Spikers,Sunset Spikes
2024-08-02,3:00 PM,Court D,Thunder Spikers,Hard Hitters
2024-08-03,9:00 AM,Court A,Thunder Spikers,Momentum Makers
2024-08-04,11:00 AM,Court B,Thunder Spikers,Phantom Blocks
2024-08-05,1:00 PM,Court C,Thunder Spikers,Gravity Defiers
2024-08-06,3:00 PM,Court D,Thunder Spikers,The Line Judges
2024-08-07,9:00 AM,Court A,Thunder Spikers,Volley Hawks
2024-08-08,11:00 AM,Court B,Thunder Spikers,Flame Servers
2024-08-09,1:00 PM,Court C,Thunder Spikers,Metro Setters
2024-08-10,3:00 PM,Court D,Thunder Spikers,Ocean Blazers
2024-08-11,9:00 AM,Court A,Thunder Spikers,Serve Syndicate
2024-08-12,11:00 AM,Court B,Thunder Spikers,Urban Aces
2024-08-13,1:00 PM,Court C,Thunder Spikers,Jungle Jumpers
2024-08-14,3:00 PM,Court D,Thunder Spikers,Volley Falcons
2024-08-01,9:00 AM,Court A,Thunder Spikers,Titan Smash
2024-08-02,11:00 AM,Court B,Thunder Spikers,Circuit Setters
2024-08-03,1:00 PM,Court C,Thunder Spikers,Team Elevate
2024-08-04,3:00 PM,Court D,Thunder Spikers,Cross Court
2024-08-05,9:00 AM,Court A,Thunder Spikers,City Spikers
2024-08-06,11:00 AM,Court B,Thunder Spikers,Quick Sets
2024-08-07,1:00 PM,Court C,Thunder Spikers,Blazing Blocks
2024-08-08,3:00 PM,Court D,Thunder Spikers,Vertical Velocity
2024-08-09,9:00 AM,Court A,Thunder Spikers,Metro Titans
2024-08-10,11:00 AM,Court B,Thunder Spikers,Island Attackers
2024-08-11,1:00 PM,Court C,Thunder Spikers,Air Serve
2024-08-12,3:00 PM,Court D,Thunder Spikers,Southside Smashers
2024-08-13,9:00 AM,Court A,Thunder Spikers,Golden Netters
2024-08-14,11:00 AM,Court B,Thunder Spikers,West Wind Warriors
2024-08-01,1:00 PM,Court C,Thunder Spikers,Velocity Spikers
2024-08-02,3:00 PM,Court D,Thunder Spikers,River Ralliers
2024-08-03,9:00 AM,Court A,Thunder Spikers,Sky Jumpers
2024-08-04,11:00 AM,Court B,Thunder Spikers,Coastal Clash
2024-08-05,1:00 PM,Court C,Thunder Spikers,Urban Flyers
2024-08-06,3:00 PM,Court D,Thunder Spikers,Empire Blockers
2024-08-07,9:00 AM,Court A,Thunder Spikers,Highland Hitters
2024-08-08,11:00 AM,Court B,Thunder Spikers,Volcano Setters
2024-08-09,1:00 PM,Court C,Thunder Spikers,Rolling Thunder
2024-08-10,3:00 PM,Court D,Thunder Spikers,Capital Spikes
2024-08-11,9:00 AM,Court A,Thunder Spikers,Steel Serve
2024-08-12,11:00 AM,Court B,Thunder Spikers,Northern Storm
2024-08-13,1:00 PM,Court C,Thunder Spikers,Delta Smash
2024-08-14,3:00 PM,Court D,Thunder Spikers,Rapid Sets
2024-08-01,9:00 AM,Court A,Thunder Spikers,Star Defenders
2024-08-02,11:00 AM,Court B,Thunder Spikers,Iron Diggers
2024-08-03,1:00 PM,Court C,Thunder Spikers,Crush Crew
2024-08-04,3:00 PM,Court D,Thunder Spikers,Volley Pulse
2024-08-05,9:00 AM,Court A,Thunder Spikers,Match Point
2024-08-06,11:00 AM,Court B,Thunder Spikers,Serve & Destroy
2024-08-07,1:00 PM,Court C,Thunder Spikers,Final Setters
2024-08-08,3:00 PM,Court D,Thunder Spikers,The Eliminators
2024-08-09,9:00 AM,Court A,Thunder Spikers,Back Row Bombers
2024-08-10,11:00 AM,Court B,Thunder Spikers,City Smash
2024-08-11,1:00 PM,Court C,Thunder Spikers,Serve Strikers
2024-08-12,3:00 PM,Court D,Thunder Spikers,Heatwave
2024-08-13,9:00 AM,Court A,Thunder Spikers,Wild Net Warriors
2024-08-14,11:00 AM,Court B,Thunder Spikers,North Net Force
2024-08-01,1:00 PM,Court C,Thunder Spikers,Valley Spikes
2024-08-02,3:00 PM,Court D,Thunder Spikers,Hilltop Hustlers
2024-08-03,9:00 AM,Court A,Thunder Spikers,Gridiron Gravity
2024-08-04,11:00 AM,Court B,Thunder Spikers,Smash Syndicate
2024-08-05,1:00 PM,Court C,Thunder Spikers,Volley Vortex
2024-08-06,3:00 PM,Court D,Thunder Spikers,Kingpins
2024-08-07,9:00 AM,Court A,Thunder Spikers,East End Hitters
2024-08-08,11:00 AM,Court B,Thunder Spikers,Golden Line
2024-08-09,1:00 PM,Court C,Thunder Spikers,Topspin Titans
2024-08-10,3:00 PM,Court D,Thunder Spikers,Rolling Net
2024-08-11,9:00 AM,Court A,Thunder Spikers,Alpha Aces
2024-08-12,11:00 AM,Court B,Volley Vipers,Net Ninjas
